{
  "test": {
    "MAE": 1484.0831146733515,
    "MAPE": 99.78753492204662,
    "R2": -2365.7123195774775,
    "RMSE": 1484.3970146180113
  },
  "train": {
    "MAE": 1264.5310747100086,
    "MAPE": 99.75160792805204,
    "R2": -357.48697866838694,
    "RMSE": 1266.2988333780343
  },
  "val": {
    "MAE": 1408.5868905650245,
    "MAPE": 99.77647869940154,
    "R2": -2210.1064619593344,
    "RMSE": 1408.9057876079778
  }
}