{
  "test": {
    "MAE": 1056.2111362576347,
    "MAPE": 12.83978791665857,
    "R2": 0.7765806413754728,
    "RMSE": 1865.3503733153116
  },
  "train": {
    "MAE": 779.7664009804354,
    "MAPE": 11.487125759234532,
    "R2": 0.8606490897168446,
    "RMSE": 1415.081440673661
  },
  "val": {
    "MAE": 1101.5951023498353,
    "MAPE": 15.679601003468054,
    "R2": 0.7874133725464254,
    "RMSE": 1837.728759792653
  }
}