{
  "test": {
    "MAE": 1474.2629908919334,
    "MAPE": 99.7470097528111,
    "R2": -1842.94956455361,
    "RMSE": 1474.663075574742
  },
  "train": {
    "MAE": 1191.3483849224056,
    "MAPE": 99.68259578907653,
    "R2": -202.42672776345887,
    "RMSE": 1194.2878388329668
  },
  "val": {
    "MAE": 1380.2350244522095,
    "MAPE": 99.7298529438007,
    "R2": -1775.2544369144703,
    "RMSE": 1380.6239753505224
  }
}