{
  "test": {
    "MAE": 62.94624955243012,
    "MAPE": 4.234202188026628,
    "R2": -3.2558375818218037,
    "RMSE": 62.94624955243012
  },
  "train": {
    "MAE": 1.663709820316332e-14,
    "MAPE": 1.3294103436675263e-15,
    "R2": 1.0,
    "RMSE": 6.150478166096711e-14
  },
  "val": {
    "MAE": 37.301481216254885,
    "MAPE": 2.613763350522163,
    "R2": -1.6154214689615864,
    "RMSE": 48.45604549809719
  }
}