{
  "test": {
    "MAE": 1396.116443251465,
    "MAPE": 15.921777599741704,
    "R2": 0.6881979880313798,
    "RMSE": 2203.6340514605317
  },
  "train": {
    "MAE": 1277.781324496948,
    "MAPE": 17.108266217921898,
    "R2": 0.7273262220786304,
    "RMSE": 1979.466780285469
  },
  "val": {
    "MAE": 1406.9103943483115,
    "MAPE": 18.779560551353867,
    "R2": 0.7250979989716069,
    "RMSE": 2089.7887716245496
  }
}