{
  "test": {
    "MAE": 3.9158799659667746e-13,
    "MAPE": 2.638709813288198e-14,
    "R2": 1.0,
    "RMSE": 4.0461442085989314e-13
  },
  "train": {
    "MAE": 1.0296166435165226e-13,
    "MAPE": 8.31513345406509e-15,
    "R2": 1.0,
    "RMSE": 1.530057909145519e-13
  },
  "val": {
    "MAE": 2.468628476240805e-13,
    "MAPE": 1.7801533498103764e-14,
    "R2": 1.0,
    "RMSE": 2.549367812122855e-13
  }
}