{
  "test": {
    "MAE": 1048.1996266353135,
    "MAPE": 13.375331599233773,
    "R2": 0.7709351533476385,
    "RMSE": 1888.770716255499
  },
  "train": {
    "MAE": 639.3969867988471,
    "MAPE": 11.25161112640681,
    "R2": 0.9277473864051738,
    "RMSE": 1018.9510256385722
  },
  "val": {
    "MAE": 918.3073811526126,
    "MAPE": 14.492885757611058,
    "R2": 0.8546036668981081,
    "RMSE": 1519.8130444657018
  }
}