{
  "test": {
    "MAE": 125.25029161241319,
    "MAPE": 8.421305042729404,
    "R2": -13.442930522293207,
    "RMSE": 130.5106485922041
  },
  "train": {
    "MAE": 0.001780383991745283,
    "MAPE": 0.00014949429017687153,
    "R2": 0.9999999992379975,
    "RMSE": 0.0023114430931684992
  },
  "val": {
    "MAE": 33.204781668526785,
    "MAPE": 2.3551294052760974,
    "R2": -0.7353129040798574,
    "RMSE": 43.153072323653575
  }
}